{"cameraMode":{"drawMode":0,"name":"Shaded","section":"Shading Mode"},"sceneLighting":true,"audioPlay":false,"sceneViewState":{"showFog":true,"showMaterialUpdate":false,"showSkybox":true,"showFlares":true,"showImageEffects":true,"showParticleSystems":true},"in2DMode":false,"pivot":{"x":-85.13981628417969,"y":5.158874988555908,"z":-99.97726440429688},"rotation":{"x":0.016069311648607255,"y":-0.020060760900378228,"z":0.00030266717658378184,"w":0.9997122883796692},"size":8.515876770019532,"orthographic":false}